{"friends":[],"profiles":{"1791c455-e337-4659-9f4c-459e609173b7":{"uuid":"1791c455-e337-4659-9f4c-459e609173b7","name":"default","version":"4.04","data":{"modules":[{"name":"SpawnerFinder","keybinds":[],"values":[{"id":"Scale","value":"1.0"},{"id":"Show distance","value":"true"},{"id":"Spawner names-whitelist","value":[{"item-id":"Zombie","enabled":true},{"item-id":"Skeleton","enabled":true},{"item-id":"Creeper","enabled":true},{"item-id":"Spider","enabled":true}]}],"visible":true},{"name":"KeepSprint","keybinds":[],"values":[],"visible":true},{"name":"AutoClicker","keybinds":[],"values":[{"id":"Inventory Fill","value":"false"},{"id":"Blockhit","value":"false"},{"id":"Break Blocks","value":"false"},{"id":"CPS","minimum":6.0,"maximum":13.0},{"id":"Right Click Mode","value":"false"},{"id":"Right Click Mode-Right CPS","minimum":6.0,"maximum":13.0},{"id":"Right Click Mode-Limit to items","value":"false"},{"id":"Limit to items-autoclicker-alloweditems-right","value":[{"item-id":"blocks","total-stacks":-1,"enabled":true}]},{"id":"Limit to items","value":"false"},{"id":"Limit to items-autoclicker-alloweditems","value":[{"item-id":"swords","total-stacks":-1,"enabled":true}]}],"visible":true},{"name":"FastFly","keybinds":[],"values":[{"id":"Speed","value":"4.1"}],"visible":true},{"name":"StorageESP","keybinds":[],"values":[{"id":"Outline open","value":"true"},{"id":"Render Chests","value":"true"},{"id":"Chest Color","value":"0.0","hue":0.0,"saturation":96.0,"brightness":96.0},{"id":"Render Trapped Chests","value":"true"},{"id":"Chest Color","value":"0.0","hue":0.0,"saturation":96.0,"brightness":96.0},{"id":"Render Enderchests","value":"false"},{"id":"Ender Chest Color","value":"76.4","hue":76.4,"saturation":83.08,"brightness":58.73},{"id":"Render Hopper","value":"false"},{"id":"Hopper Color","value":"0.0","hue":0.0,"saturation":0.0,"brightness":51.95},{"id":"Render Furnace","value":"false"},{"id":"Furnace Color","value":"0.0","hue":0.0,"saturation":0.0,"brightness":33.88},{"id":"Render Dispenser","value":"false"},{"id":"Dispenser Color","value":"62.5","hue":62.5,"saturation":95.52,"brightness":75.29},{"id":"Render Dropper","value":"false"},{"id":"Dropper Color","value":"48.0","hue":48.0,"saturation":62.4,"brightness":75.29},{"id":"Render Shulker","value":"false"},{"id":"Render Shulker-Shulker Color","value":"0.0","hue":0.0,"saturation":0.0,"brightness":96.0}],"visible":true},{"name":"Throwpot","keybinds":[],"values":[{"id":"Type","value":"Both"},{"id":"Mode","value":"Dynamic"},{"id":"Delay","minimum":80.0,"maximum":115.0},{"id":"Scroll","value":"false"},{"id":"Scroll-Scroll delay","value":"100.0"},{"id":"Random","value":"false"},{"id":"Throw bowls","value":"true"}],"visible":true},{"name":"NameTags","keybinds":[],"values":[{"id":"Ignore Invisibles","value":"false"},{"id":"Auto Scale","value":"true"},{"id":"Scale","value":"1.0"},{"id":"Hide bots","value":"true"},{"id":"Render Players","value":"true"},{"id":"Render Players-Enemy Only","value":"false"},{"id":"Render Players-Health","value":"false"},{"id":"Render Players-Distance","value":"false"},{"id":"Render Players-Effects","value":"false"},{"id":"Render Players-Equipment","value":"false"},{"id":"Render Players-Strength Indicator","value":"false"},{"id":"Strength Indicator-Calculate Effects","value":"false"},{"id":"Render Animals","value":"false"},{"id":"Render Animals-Health","value":"false"},{"id":"Render Animals-Distance","value":"false"},{"id":"Render Animals-Effects","value":"false"},{"id":"Render Mobs","value":"false"},{"id":"Render Mobs-Health","value":"false"},{"id":"Render Mobs-Distance","value":"false"},{"id":"Render Mobs-Effects","value":"false"}],"visible":true},{"name":"Killaura","keybinds":[],"values":[{"id":"Attacks per Second","minimum":6.0,"maximum":13.0},{"id":"Blatant Mode-Switch Delay","value":"400.0"},{"id":"Swing range","value":"4.0"},{"id":"Attack range","value":"3.5"},{"id":"Max angle","value":"90.0"},{"id":"Max targets","value":"1.0"},{"id":"Blatant Mode","value":"Switch"},{"id":"Target Mode","value":"Distance"},{"id":"Aim Mode","value":"Silent"},{"id":"Blatant Mode-AutoBlock","value":"false"},{"id":"Attack invisibles","value":"false"},{"id":"Attack through walls","value":"false"},{"id":"Require mouse down","value":"false"},{"id":"GUI Check","value":"true"},{"id":"Show target","value":"false"},{"id":"Legit Aura","value":"false"},{"id":"Blatant Mode-No Swing","value":"false"},{"id":"Limit to items","value":"false"},{"id":"Limit to items-killaura-alloweditems","value":[]}],"visible":true},{"name":"Tracers","keybinds":[],"values":[{"id":"Invisibles","value":"false"},{"id":"Color by distance","value":"false"},{"id":"Highlight if focusing","value":"false"},{"id":"Render Players","value":"true"},{"id":"Render Players-Enemy Only","value":"false"},{"id":"Render Players-Distance Check","value":"false"},{"id":"Distance Check-Player Distance","minimum":0.0,"maximum":32.0},{"id":"Render Players-Player Color","value":"54.6","hue":54.6,"saturation":96.0,"brightness":96.0},{"id":"Render Animals","value":"false"},{"id":"Render Animals-Distance Check","value":"false"},{"id":"Distance Check-Animal Distance","minimum":0.0,"maximum":32.0},{"id":"Render Animals-Animal Color","value":"0.0","hue":0.0,"saturation":96.0,"brightness":87.0},{"id":"Render Mobs","value":"false"},{"id":"Render Mobs-Distance Check","value":"false"},{"id":"Distance Check-Mob Distance","minimum":0.0,"maximum":32.0},{"id":"Render Mobs-Mob Color","value":"0.0","hue":0.0,"saturation":96.0,"brightness":87.0}],"visible":true},{"name":"Criticals","keybinds":[],"values":[{"id":"Mode","value":"Packet"}],"visible":true},{"name":"FastPlace","keybinds":[],"values":[{"id":"Held Item","value":"All"},{"id":"Delay","value":"1.0"}],"visible":true},{"name":"Scaffold","keybinds":[],"values":[{"id":"Mode","value":"Legit"},{"id":"Mode-Sneak delay","minimum":100.0,"maximum":200.0},{"id":"Mode-Tower","value":"false"},{"id":"Tower-Stop Motion","value":"false"},{"id":"Mode-Stop Sprinting","value":"false"},{"id":"Mode-Delay","value":"100.0"},{"id":"Mode-Block Count","value":"false"},{"id":"Whitelist Only","value":"false"},{"id":"Whitelist Only-scaffold-allowedblocks","value":[{"item-id":"blocks","total-stacks":-1,"enabled":true}]},{"id":"Mode-Use blacklist","value":"true"},{"id":"Use blacklist-scaffold-blacklist","value":[{"item-id":"23","total-stacks":-1,"enabled":true},{"item-id":"25","total-stacks":-1,"enabled":true},{"item-id":"30","total-stacks":-1,"enabled":true},{"item-id":"46","total-stacks":-1,"enabled":true},{"item-id":"52","total-stacks":-1,"enabled":true},{"item-id":"116","total-stacks":-1,"enabled":true},{"item-id":"85","total-stacks":-1,"enabled":true},{"item-id":"84","total-stacks":-1,"enabled":true},{"item-id":"103","total-stacks":-1,"enabled":true},{"item-id":"137","total-stacks":-1,"enabled":true},{"item-id":"145","total-stacks":-1,"enabled":true},{"item-id":"102","total-stacks":-1,"enabled":true},{"item-id":"160","total-stacks":-1,"enabled":true},{"item-id":"101","total-stacks":-1,"enabled":true},{"item-id":"79","total-stacks":-1,"enabled":true},{"item-id":"174","total-stacks":-1,"enabled":true},{"item-id":"145","total-stacks":-1,"enabled":true},{"item-id":"152","total-stacks":-1,"enabled":true},{"item-id":"14","total-stacks":-1,"enabled":true},{"item-id":"15","total-stacks":-1,"enabled":true},{"item-id":"16","total-stacks":-1,"enabled":true},{"item-id":"21","total-stacks":-1,"enabled":true},{"item-id":"73","total-stacks":-1,"enabled":true},{"item-id":"74","total-stacks":-1,"enabled":true},{"item-id":"163","total-stacks":-1,"enabled":true},{"item-id":"72","total-stacks":-1,"enabled":true},{"item-id":"70","total-stacks":-1,"enabled":true},{"item-id":"138","total-stacks":-1,"enabled":true}]}],"visible":true},{"name":"Chams","keybinds":[],"values":[{"id":"Hide Bots","value":"false"},{"id":"Colored","value":"false"},{"id":"Colored-Visible Color","value":"0.0","hue":0.0,"saturation":96.0,"brightness":96.0},{"id":"Colored-Color Behind Walls","value":"true"},{"id":"Color Behind Walls-Invisible Color","value":"16.0","hue":16.0,"saturation":96.0,"brightness":96.0}],"visible":true},{"name":"Strafe","keybinds":[],"values":[{"id":"Distance","value":"3.0"},{"id":"Speed","value":"0.5"},{"id":"Target minimum angle","value":"120.0"},{"id":"Your minimum angle","value":"90.0"}],"visible":false},{"name":"WTap","keybinds":[],"values":[{"id":"Range","value":"3.5"},{"id":"Delay","minimum":90.0,"maximum":120.0}],"visible":true},{"name":"Indicators","keybinds":[],"values":[{"id":"Alert Type","value":"Threat"},{"id":"Color","value":"0.0","hue":0.0,"saturation":96.0,"brightness":96.0},{"id":"Show Arrows","value":"true"},{"id":"Show Pearls","value":"false"},{"id":"Show Potions","value":"false"},{"id":"Show Eggs","value":"true"},{"id":"Show Snowballs","value":"true"},{"id":"Show Fireballs","value":"true"},{"id":"Radius Scale","value":"0.15"},{"id":"Show Distance","value":"false"}],"visible":true},{"name":"BeanerNet","keybinds":[],"values":[{"id":"Delay","value":"100.0"},{"id":"Spoof Ping","value":"false"},{"id":"Spoof Ping-Advanced Spoof","value":"false"}],"visible":false},{"name":"InvWalk","keybinds":[],"values":[{"id":"Sneak","value":"true"}],"visible":false},{"name":"AimAssist","keybinds":[],"values":[{"id":"Click Aim","value":"true"},{"id":"Invisibles","value":"false"},{"id":"Through Blocks","value":"false"},{"id":"Aim while on target","value":"true"},{"id":"Strafe increase","value":"false"},{"id":"Check block break","value":"false"},{"id":"Aim Vertically","value":"false"},{"id":"Aim Vertically-Vertical Speed","value":"5.0"},{"id":"Horizontal Speed","value":"5.0"},{"id":"Max Angle","value":"180.0"},{"id":"Distance","value":"5.0"},{"id":"Limit to items","value":"false"},{"id":"Limit to items-aimassist-alloweditems","value":[{"item-id":"swords","total-stacks":-1,"enabled":true}]}],"visible":true},{"name":"InvCleaner","keybinds":[],"values":[{"id":"Activation","value":"On Key"},{"id":"Delay","minimum":100.0,"maximum":120.0},{"id":"Activation-Open Inventory","value":"true"},{"id":"Activation-Inventory Only","value":"true"},{"id":"Best Items","value":"true"},{"id":"Remove Negative Potions","value":"true"},{"id":"Remove Food","value":"true"},{"id":"invcleaner-whitelisted","value":[{"item-id":"344","total-stacks":1,"enabled":true},{"item-id":"384","total-stacks":1,"enabled":true},{"item-id":"332","total-stacks":1,"enabled":true},{"item-id":"346","total-stacks":1,"enabled":true},{"item-id":"368","total-stacks":1,"enabled":true}]},{"id":"invcleaner-blacklisted","value":[{"item-id":"280","total-stacks":-1,"enabled":true},{"item-id":"287","total-stacks":-1,"enabled":true},{"item-id":"318","total-stacks":-1,"enabled":true},{"item-id":"345","total-stacks":-1,"enabled":true},{"item-id":"288","total-stacks":-1,"enabled":true},{"item-id":"374","total-stacks":-1,"enabled":true},{"item-id":"116","total-stacks":-1,"enabled":true},{"item-id":"54","total-stacks":-1,"enabled":true},{"item-id":"145","total-stacks":-1,"enabled":true}]}],"visible":true},{"name":"MurdererFinder","keybinds":[],"values":[{"id":"Callout","value":"false"},{"id":"Callout-Delay","value":"3100.0"},{"id":"Callout-murder-messages","value":[{"item-id":"%s is the murderer!","enabled":true},{"item-id":"i saw that %s!","enabled":true}]},{"id":"murderer-items","value":[{"item-id":"swords","total-stacks":-1,"enabled":true},{"item-id":"shovels","total-stacks":-1,"enabled":true},{"item-id":"axes","total-stacks":-1,"enabled":true},{"item-id":"pickaxes","total-stacks":-1,"enabled":true},{"item-id":"288","total-stacks":-1,"enabled":true},{"item-id":"396","total-stacks":-1,"enabled":true},{"item-id":"421","total-stacks":-1,"enabled":true},{"item-id":"398","total-stacks":-1,"enabled":true},{"item-id":"369","total-stacks":-1,"enabled":true},{"item-id":"75","total-stacks":-1,"enabled":true},{"item-id":"50","total-stacks":-1,"enabled":true},{"item-id":"352","total-stacks":-1,"enabled":true}]}],"visible":true},{"name":"ESP","keybinds":[],"values":[{"id":"Player Color","value":"38.6","hue":38.6,"saturation":77.91,"brightness":71.91},{"id":"Mode","value":"3D"},{"id":"Mode-Hitbox","value":"false"},{"id":"Hitbox-Show Normal","value":"false"},{"id":"Mode-Health Bar","value":"false"},{"id":"Mode-Name","value":"false"},{"id":"Invisibles","value":"false"},{"id":"Hide Bots","value":"false"}],"visible":true},{"name":"Speed","keybinds":[],"values":[{"id":"Mode","value":"AntiCheat A"},{"id":"Mode-LowHop","value":"false"},{"id":"Mode-Steps","value":"43.5"}],"visible":true},{"name":"AM","keybinds":[],"values":[]},{"name":"Search","keybinds":[],"values":[{"id":"Range","value":"50.0"},{"id":"Only caves","value":"false"}]},{"name":"SelfDestruct","keybinds":[],"values":[{"id":"Temp Disable","value":"false"}],"visible":true},{"name":"Reach","keybinds":[],"values":[{"id":"Range","minimum":3.0,"maximum":3.4},{"id":"Misplace","value":"false"},{"id":"Misplace-Disadvantage","value":"false"},{"id":"Vertical Check","value":"false"},{"id":"Only while sprinting","value":"false"},{"id":"Disable in water","value":"false"}],"visible":true},{"name":"AntiFireball","keybinds":[],"values":[{"id":"Angle Limit","value":"45.0"},{"id":"Angle Speed","value":"15.0"},{"id":"Stop Movement","value":"false"},{"id":"Stop Movement-Move on Finish","value":"false"},{"id":"Silent","value":"false"}],"visible":true},{"name":"CPSMod","keybinds":[],"values":[]},{"name":"ChestSteal","keybinds":[],"values":[{"id":"Check in Menu","value":"false"},{"id":"Best Only","value":"true"},{"id":"Keep open","value":"false"},{"id":"Shuffle","value":"false"},{"id":"Click Delay","minimum":150.0,"maximum":200.0},{"id":"cheatsteal-blacklisted","value":[]}],"visible":true},{"name":"NoSlowdown","keybinds":[],"values":[{"id":"Limit Items","value":"false"},{"id":"Limit Items-noslowdown-whitelist","value":[{"item-id":"swords","total-stacks":-1,"enabled":true}]}],"visible":true},{"name":"Phase","keybinds":[],"values":[],"visible":true},{"name":"AutoArmor","keybinds":[],"values":[{"id":"Open Inventory","value":"true"},{"id":"Inventory Only","value":"false"},{"id":"Check Durability","value":"true"},{"id":"Drop Equipped","value":"false"},{"id":"Combat check","value":"false"},{"id":"Delay","minimum":100.0,"maximum":120.0}],"visible":true},{"name":"PropHunt","keybinds":[-1],"values":[],"visible":true},{"name":"Timer","keybinds":[],"values":[{"id":"Speed","value":"1.07"}],"visible":true},{"name":"ThrowDebuff","keybinds":[],"values":[{"id":"Mode","value":"One of each"},{"id":"Harming","value":"true"},{"id":"Weakness","value":"true"},{"id":"Poison","value":"true"},{"id":"Slowness","value":"true"},{"id":"Delay","minimum":70.0,"maximum":120.0},{"id":"Scroll","value":"false"},{"id":"Scroll-Scroll delay","value":"100.0"}],"visible":true},{"name":"Blink","keybinds":[],"values":[{"id":"Breadcrumbs","value":"false"},{"id":"Spawn Fake","value":"false"},{"id":"Beaner Throttle","value":"5.0"}],"visible":false},{"name":"GUI","keybinds":[54],"values":[{"id":"Blur Background","value":"true"},{"id":"Rescale","value":"true"},{"id":"Enable Multi-Keybinding","value":"false"},{"id":"GUI bind indicator","value":"true"},{"id":"Smooth font","value":"true"},{"id":"Show Tooltips","value":"true"},{"id":"Discord integration","value":"false"},{"id":"Notifications","value":"true"},{"id":"Notifications-Toggle Alert","value":"false"},{"id":"Rainbow speed","value":"1.0000000149011612"}]},{"name":"Panic","keybinds":[],"values":[{"id":"Re-enable","value":"false"}],"visible":true},{"name":"AntiDebuff","keybinds":[],"values":[{"id":"Remove Nausea","value":"true"},{"id":"Remove Blindness","value":"true"},{"id":"Remove Slowness","value":"true"},{"id":"Remove Effects","value":"false"}],"visible":false},{"name":"SafeWalk","keybinds":[],"values":[{"id":"Direction Check","value":"true"}],"visible":true},{"name":"CombatPrediction","keybinds":[],"values":[]},{"name":"Parkour","keybinds":[],"values":[],"visible":true},{"name":"Sprint","keybinds":[],"values":[],"visible":true},{"name":"Xray","keybinds":[],"values":[{"id":"Opacity","value":"60.0"},{"id":"Cave Mode","value":"false"},{"id":"xray-blocks","value":[{"item-id":"Gold Ore","enabled":true},{"item-id":"Iron Ore","enabled":true},{"item-id":"Diamond Ore","enabled":true},{"item-id":"Emerald Ore","enabled":true},{"item-id":"Lapis Lazuli Ore","enabled":true},{"item-id":"Gold Block","enabled":true},{"item-id":"Iron Block","enabled":true},{"item-id":"Diamond Block","enabled":true},{"item-id":"Emerald Block","enabled":true}]}],"visible":true},{"name":"Freecam","keybinds":[],"values":[{"id":"Speed","value":"3.0"},{"id":"Spawn Fake","value":"true"},{"id":"Spawn Fake-Move Fake","value":"false"}],"visible":true},{"name":"PotionSaver","keybinds":[],"values":[],"visible":false},{"name":"HitBoxes","keybinds":[],"values":[{"id":"Expand amount","value":"0.35"}],"visible":true},{"name":"TargetInfo","keybinds":[],"values":[]},{"name":"AutoHeal","keybinds":[-1],"values":[{"id":"Soup","value":"false"},{"id":"Soup-Bowl Mode","value":"Stack"},{"id":"Potions","value":"false"},{"id":"Potions-Regen","value":"true"},{"id":"Potions-Speed","value":"false"},{"id":"Potions-Resistance","value":"false"},{"id":"Potions-Slot","value":"6.0"},{"id":"Heads","value":"false"},{"id":"Replace","value":"false"},{"id":"Health","value":"17.0"},{"id":"Delay","value":"500.0"}],"visible":true},{"name":"LongJump","keybinds":[],"values":[{"id":"Boost","value":"4.1"},{"id":"Toggle","value":"true"}],"visible":true},{"name":"Explosions","keybinds":[],"values":[{"id":"Blast ring","value":"true"}],"visible":true},{"name":"Velocity","keybinds":[],"values":[{"id":"Horizontal","value":"90.0"},{"id":"Vertical","value":"100.0"},{"id":"Chance","value":"90.0"},{"id":"Only when targeting","value":"false"},{"id":"Water check","value":"false"},{"id":"Anti-Combo","value":"false"},{"id":"Anti-Combo-Air Only","value":"false"},{"id":"Anti-Combo-Combo Amount","value":"3.0"},{"id":"Kite mode","value":"false"},{"id":"Kite mode-Kite horizontal","value":"120.0"},{"id":"Kite mode-Kite vertical","value":"120.0"},{"id":"Kite mode-Always Kite","value":"false"}],"visible":true},{"name":"Refill","keybinds":[],"values":[{"id":"Vertical","value":"false"},{"id":"Scatter","value":"false"},{"id":"Hotbar clear","value":"false"},{"id":"Hotbar clear-refill-alloweditems","value":[]},{"id":"Delay","minimum":75.0,"maximum":125.0},{"id":"Type","value":"Both"}],"visible":true},{"name":"MLG","keybinds":[],"values":[{"id":"Use buckets","value":"true"},{"id":"Use cobwebs","value":"true"}],"visible":true},{"name":"Trajectories","keybinds":[],"values":[{"id":"Trajectory Color","value":"96.0","hue":96.0,"saturation":96.0,"brightness":87.0},{"id":"Target Color","value":"64.0","hue":64.0,"saturation":96.0,"brightness":87.0},{"id":"Ghost Bow Charge","value":"false"}],"visible":true},{"name":"AutoTool","keybinds":[],"values":[],"visible":true},{"name":"Friends","keybinds":[],"values":[]},{"name":"Anti-AFK","keybinds":[],"values":[{"id":"Frequency","value":"30.0"}],"visible":true},{"name":"AutoHotbar","keybinds":[],"values":[{"id":"Activation","value":"On Key"},{"id":"Open Inventory","value":"false"},{"id":"Delay","value":"110.0"},{"selected":0,"panels":[{"hotbars":[{"item-id":0,"meta":0,"anyMeta":false,"anyMaterial":false,"onlyBest":false},{"item-id":0,"meta":0,"anyMeta":false,"anyMaterial":false,"onlyBest":false},{"item-id":0,"meta":0,"anyMeta":false,"anyMaterial":false,"onlyBest":false},{"item-id":0,"meta":0,"anyMeta":false,"anyMaterial":false,"onlyBest":false},{"item-id":0,"meta":0,"anyMeta":false,"anyMaterial":false,"onlyBest":false},{"item-id":0,"meta":0,"anyMeta":false,"anyMaterial":false,"onlyBest":false},{"item-id":0,"meta":0,"anyMeta":false,"anyMaterial":false,"onlyBest":false},{"item-id":0,"meta":0,"anyMeta":false,"anyMaterial":false,"onlyBest":false},{"item-id":0,"meta":0,"anyMeta":false,"anyMaterial":false,"onlyBest":false}]}],"id":"hotbar"}],"visible":true},{"name":"NoRotate","keybinds":[],"values":[{"id":"Disable Speed","value":"false"}],"visible":false},{"name":"DuelInfo","keybinds":[],"values":[]},{"name":"AntiFall","keybinds":[],"values":[{"id":"Speed Check","value":"false"},{"id":"Fall Dist","value":"2.0"}],"visible":true},{"name":"Fullbright","keybinds":[],"values":[{"id":"Mode","value":"Night Vision"}],"visible":true},{"name":"Projectiles","keybinds":[],"values":[{"id":"Show Arrows","value":"true"},{"id":"Show Pearls","value":"true"},{"id":"Show Potions","value":"false"},{"id":"Show Eggs","value":"false"},{"id":"Show Snowballs","value":"false"}],"visible":true},{"name":"ArmorSwitch","keybinds":[],"values":[{"id":"Set 1","value":"Diamond"},{"id":"Set 2","value":"Gold"},{"id":"Delay","value":"100.0"}],"visible":true},{"name":"Macros","keybinds":[],"values":[]},{"name":"AutoPearl","keybinds":[],"values":[{"id":"Mode","value":"On bind"},{"id":"Horizontal Speed","value":"5.0"},{"id":"Vertical Speed","value":"5.0"},{"id":"Angle Limit","value":"180.0"},{"id":"Distance Limit","value":"6.0"},{"id":"Vertical Check","value":"false"},{"id":"Silent Throw","value":"false"}],"visible":true},{"name":"NoFall","keybinds":[],"values":[{"id":"Mode","value":"Normal"}],"visible":true},{"name":"Arrows","keybinds":[],"values":[{"id":"Color","value":"0.0","hue":0.0,"saturation":96.0,"brightness":96.0},{"id":"Radius Scale","value":"0.5"},{"id":"Show Distance","value":"false"},{"id":"Scale Opacity","value":"false"}],"visible":true},{"name":"Fly","keybinds":[],"values":[{"id":"Mode","value":"Normal"},{"id":"Speed","value":"0.5"},{"id":"Vertical Speed","value":"0.2"},{"id":"Boost","value":"false"},{"id":"Boost-Boost","value":"1.25"}],"visible":true},{"name":"FastConsume","keybinds":[],"values":[{"id":"Ticks","value":"14.0"},{"id":"Fast Bow","value":"false"}],"visible":false},{"name":"ItemESP","keybinds":[],"values":[{"id":"Auto Scale","value":"true"},{"id":"Scale","value":"1.0"},{"id":"Whitelist Only","value":"false"},{"id":"Whitelist Only-itemesp-alloweditems","value":[]}],"visible":true}],"favorites":{"modules":["AutoClicker","AimAssist","Reach","Velocity"]},"values":[{"id":"Use Friends","value":"true"},{"id":"Use Alias","value":"true"},{"id":"Spoof alias","value":"false"},{"id":"Use color","value":"true"},{"id":"Friends Color","value":"38.4","hue":38.4,"saturation":70.03,"brightness":91.86},{"id":"Friends Color hue","value":"38.4"},{"id":"Friends Color brightness","value":"91.86"},{"id":"Friends Color saturation","value":"70.03"},{"id":"Friends Color rainbow","value":"false"},{"id":"Teams by server","value":"false"},{"id":"Teams by color","value":"false"},{"id":"Teams by color-Recolor visuals","value":"false"},{"id":"Teams by color-Auto-Detect color","value":"true"},{"id":"Gui Color","value":"60.4","hue":60.4,"saturation":81.87,"brightness":86.96},{"id":"Gui Color hue","value":"60.4"},{"id":"Gui Color brightness","value":"86.96"},{"id":"Gui Color saturation","value":"81.87"},{"id":"Gui Color rainbow","value":"true"},{"id":"Ignore naked","value":"false"},{"id":"Players","value":"true"},{"id":"Mobs","value":"false"},{"id":"Peaceful","value":"false"},{"id":"Neutral","value":"false"},{"id":"MiddleClick friends","value":"true"},{"id":"Blatant mode-Enable on load","value":"false"},{"id":"Blatant mode-Speed Check","value":"false"},{"id":"Sanity Check","value":"false"},{"id":"Health prediction","value":"false"},{"id":"Health prediction-Estimate Food","value":"true"},{"id":"Health prediction-Estimate Fall","value":"true"},{"id":"Teams by color-Your team color","value":"aGreen"},{"id":"Login Offline Mode","value":"false"},{"id":"Mode","value":"2D Radar"},{"id":"Mode-Radar Size","value":"130.0"},{"id":"Mode-Dot Size","value":"3.0"},{"id":"Mode-Radar Scale","value":"0.5"},{"id":"Mode-Color Mode","value":"Relationship"},{"id":"Mode-Dot Style","value":"Squares"},{"id":"Mode-Radar Style","value":"Square"},{"id":"Color Mode-Custom Color","value":"0.0","hue":0.0,"saturation":0.0,"brightness":96.0},{"id":"Custom Color hue","value":"0.0"},{"id":"Custom Color brightness","value":"96.0"},{"id":"Custom Color saturation","value":"0.0"},{"id":"Custom Color rainbow","value":"false"},{"id":"Color Mode-Friendly Color","value":"32.0","hue":32.0,"saturation":96.0,"brightness":96.0},{"id":"Friendly Color hue","value":"32.0"},{"id":"Friendly Color brightness","value":"96.0"},{"id":"Friendly Color saturation","value":"96.0"},{"id":"Friendly Color rainbow","value":"false"},{"id":"Color Mode-Enemy Color","value":"0.0","hue":0.0,"saturation":96.0,"brightness":96.0},{"id":"Enemy Color hue","value":"0.0"},{"id":"Enemy Color brightness","value":"96.0"},{"id":"Enemy Color saturation","value":"96.0"},{"id":"Enemy Color rainbow","value":"false"},{"id":"Mode-Show Cross","value":"true"},{"id":"Show Background","value":"true"},{"id":"Mode-Clamp Radar","value":"true"},{"id":"Show Hovered","value":"false"},{"id":"Sort","value":"Alphabetical"},{"id":"Shadow","value":"true"},{"id":"Use Category Color","value":"false"},{"id":"Watermark","value":"false"},{"id":"Show Targets","value":"false"},{"id":"Render background","value":"false"},{"id":"Hide Modules","value":"false"},{"id":"Hide Modules-module-show-blacklist","value":[{"item-id":"ESP","enabled":true},{"item-id":"NameTags","enabled":true},{"item-id":"StorageESP","enabled":true}]},{"id":"Rescale","value":"true"},{"id":"Size","value":"1.0"},{"id":"FPS","value":"30.0"},{"id":"FOV","value":"90.0"},{"id":"Level view","value":"true"},{"id":"Auto-load module states","value":"false"},{"id":"alts"},{"id":"selectedprofile","value":"default"}],"macros":[],"search":[],"frames":[{"title":"Settings","x":110.0,"y":24.0,"minimized":false,"visible":true,"hidden2":false},{"title":"Other","x":620.0,"y":327.0,"minimized":false,"visible":true,"hidden2":false},{"title":"World","x":253.0,"y":24.0,"minimized":false,"visible":true,"hidden2":false},{"title":"Utility","x":747.0,"y":239.0,"minimized":false,"visible":true,"hidden2":false},{"title":"Render","x":367.0,"y":81.0,"minimized":false,"visible":true,"hidden2":false},{"title":"Blatant","x":503.0,"y":81.0,"minimized":false,"visible":true,"hidden2":false},{"title":"Combat","x":627.0,"y":93.0,"minimized":false,"visible":true,"hidden2":false},{"title":"Rearview","x":90.0,"y":352.0,"minimized":false,"visible":false,"pinned":false,"hidden2":false},{"title":"Text GUI","x":90.0,"y":330.0,"minimized":false,"visible":true,"pinned":true,"hidden2":false},{"title":"Target Info","x":90.0,"y":308.0,"minimized":false,"visible":false,"pinned":false,"hidden2":false},{"title":"Duel Info","x":90.0,"y":286.0,"minimized":true,"visible":false,"pinned":false,"hidden2":false},{"title":"Radar","x":90.0,"y":264.0,"minimized":false,"visible":false,"pinned":true,"hidden2":false},{"title":"Macros","x":90.0,"y":242.0,"minimized":true,"visible":true,"hidden2":false},{"title":"Profiles","x":90.0,"y":220.0,"minimized":true,"visible":true,"hidden2":false},{"title":"Search","x":90.0,"y":198.0,"minimized":true,"visible":true,"hidden2":false},{"title":"Friends","x":90.0,"y":176.0,"minimized":true,"visible":true,"hidden2":false},{"title":"GUI","x":5.0,"y":22.0,"minimized":false,"visible":true},{"title":"Filter","x":429.0,"y":0.0,"minimized":false,"visible":true},{"title":"panel","x":90.0,"y":374.0,"minimized":false,"visible":false}],"enabled":{},"keybinds":[]},"is_public":false,"updated":1651484460863}},"otherdata":[{"id":"Auto-load module states","value":"false"},{"id":"alts"},{"id":"selectedprofile","value":"default"}]}